cnt,instant
297.91655493612836,13904
303.3550414771931,13905
312.9903100313265,13906
292.2565322525244,13907
267.4702849553599,13908
274.7377147849604,13909
265.10773591962476,13910
257.2241870061941,13911
237.80823777035138,13912
219.5935080537557,13913
225.57182874436333,13914
207.36819619192636,13915
183.8023620327119,13916
207.36819619192636,13917
183.8023620327119,13918
183.8023620327119,13919
183.8023620327119,13920
169.63021454716034,13921
193.1960487063748,13922
193.1960487063748,13923
240.95006451097726,13924
251.24586631558645,13925
299.9396754941378,13926
292.2565322525244,13927
292.2565322525244,13928
292.2565322525244,13929
306.77040746024835,13930
329.7302809862457,13931
315.81613800939544,13932
306.45783033428836,13933
288.28657607079265,13934
264.0549189723046,13935
251.0038532428701,13936
245.88366470880902,13937
225.57182874436333,13938
231.7448342257445,13939
230.6920172784244,13940
203.71081713615467,13941
188.92827144781663,13942
180.03281152279737,13943
167.91967111511087,13944
131.3586271551949,13945
172.96006648397045,13946
193.1960487063748,13947
225.57182874436333,13948
260.63955298924935,13949
303.0424643512331,13950
318.63177176157694,13951
324.61009245218463,13952
343.2858018666673,13953
367.5613656105013,13954
367.5613656105013,13955
351.39941456942734,13956
353.45748293374663,13957
327.50418523905046,13958
301.33192091918363,13959
268.0665852843732,13960
251.45560382879924,13961
215.88342443292612,13962
190.8490599143786,13963
230.07238996368,13964
230.9248012391829,13965
217.64667243003348,13966
218.46670541659506,13967
200.02678067248533,13968
200.02678067248533,13969
154.63231319400353,13970
143.53380396933483,13971
130.71852291027326,13972
137.5554832787272,13973
149.56225970763188,13974
192.37029483876952,13975
260.397539916533,13976
285.98649463375693,13977
285.98649463375693,13978
317.8746375659607,13979
295.9697193124061,13980
308.4809508922978,13981
272.7908791612382,13982
271.9384678857353,13983
256.9821739334777,13984
254.4192192259254,13985
235.81792669352916,13986
240.2861096239045,13987
228.9455873265194,13988
203.65811257109678,13989
180.82679735219872,13990
160.86820720106655,13991
157.4528412180113,13992
139.91546279709388,13993
139.91546279709388,13994
157.35176692802713,13995
169.54470050091518,13996
195.7856608218248,13997
248.74809937816275,13998
249.2990306918643,13999
278.3033513921435,14000
320.0839152679536,14001
316.66854928489835,14002
317.87420637371474,14003
318.72661764921764,14004
260.397539916533,14005
225.3298156716469,14006
149.56225970763188,14007
167.49150089841112,14008
152.97762569068715,14009
152.97762569068715,14010
185.18537834579976,14011
194.9488097900609,14012
176.66009438362468,14013
204.72905927952436,14014
186.32817241894531,14015
202.17182545301566,14016
232.98204299428482,14017
216.21985220103727,14018
214.5093087689878,14019
252.5593600184141,14020
279.32159353551316,14021
268.5710404353603,14022
297.3913423167787,14023
299.0961648677845,14024
304.97963967075145,14025
310.0147453508133,14026
306.59937936775805,14027
304.89455681675224,14028
322.8464132628313,14029
317.87120566410033,14030
295.25885707037287,14031
274.59906498141135,14032
270.366666721409,14033
249.74506039674978,14034
228.6982742997417,14035
218.83294195627903,14036
217.98053068077613,14037
203.02423672851856,14038
197.04591603791093,14039
203.02423672851856,14040
203.02423672851856,14041
186.32817241894531,14042
220.53776450728483,14043
270.366666721409,14044
280.6624685260182,14045
298.91623612614455,14046
304.0421455412493,14047
316.07814889542016,14048
314.37332634441435,14049
328.8247339534389,14050
344.5509258445686,14051
325.91425431361665,14052
330.1820315721748,14053
291.11197285661575,14054
263.5474631117031,14055
257.1825796052949,14056
244.94044969826322,14057
262.4095633103838,14058
225.53022134346412,14059
221.06203841308874,14060
199.20102680488006,14061
186.00541133236135,14062
186.00541133236135,14063
186.00541133236135,14064
171.33503709816614,14065
163.3243667375911,14066
168.69228922541228,14067
148.70984843212898,14068
208.25298575637058,14069
202.00599458514887,14070
244.37352694857677,14071
295.9343403138503,14072
306.77569714904604,14073
332.71260799078584,14074
325.79936268804465,14075
327.8224832460541,14076
265.7597415233104,14077
271.9384678857353,14078
262.34437554025516,14079
238.4310164487709,14080
257.1825796052949,14081
238.96784988869925,14082
243.23562714725742,14083
245.82523926270744,14084
234.72673003803874,14085
218.91802481027824,14086
196.82738060498625,14087
158.20417820353003,14088
175.70660881813765,14089
175.70660881813765,14090
214.17288100087666,14091
241.1708991883487,14092
254.72069918772672,14093
254.72069918772672,14094
265.2522856627089,14095
274.29801621185595,14096
299.3497062969056,14097
291.96438413211865,14098
289.4014294245663,14099
290.45424637188637,14100
277.7133821949112,14101
278.80114694854115,14102
242.40987327965217,14103
242.40987327965217,14104
245.82523926270744,14105
244.12041671170164,14106
224.89634550088587,14107
203.07437177620795,14108
187.26566654844746,14109
208.14442526257963,14110
195.71613821156456,14111
194.01131566055875,14112
172.34218207737712,14113
172.34218207737712,14114
209.8549686946291,14115
239.79678352441042,14116
263.8838908798143,14117
281.01042465053405,14118
306.10021390556864,14119
328.8247339534389,14120
340.5455906642811,14121
331.3199313734941,14122
337.36028847055525,14123
344.12898403021234,14124
342.84038241251915,14125
320.7883448985119,14126
304.89455681675224,14127
304.0421455412493,14128
284.4257906335893,14129
274.63444397996716,14130
257.8204873352074,14131
110.17785360229563,14132
86.45065165479464,14133
97.93572369526393,14134
85.69931466927589,14135
69.55418167340424,14136
66.13881569034898,14137
54.866989394006666,14138
66.13881569034898,14139
88.90681119131922,14140
105.06876223239324,14141
117.3219893035836,14142
132.2392453723105,14143
157.97357644183606,14144
180.34391196284705,14145
187.69019624410333,14146
200.03340044111917,14147
193.53952743536578,14148
176.17720899427303,14149
167.01358610993947,14150
130.1310419603018,14151
112.65083118402254,14152
88.52024837551868,14153
47.559717486270145,14154
48.51892393280083,14155
165.03491016964057,14156
123.38333579317569,14157
143.33082878014915,14158
145.03565133115495,14159
194.01131566055875,14160
177.4623706114382,14161
158.22016963951498,14162
158.22016963951498,14163
211.5597912456349,14164
229.07903990544483,14165
261.2358533182627,14166
265.24075730630426,14167
312.0728137151326,14168
298.67422305342814,14169
317.19872313023734,14170
313.7833571471821,14171
315.4881796981879,14172
313.7833571471821,14173
304.30458761951996,14174
277.96429591677725,14175
274.548929933722,14176
222.6348707551349,14177
222.6348707551349,14178
211.9520749424791,14179
237.5410296597031,14180
206.82616552737437,14181
201.42048846749688,14182
225.24876470498197,14183
215.4685152155185,14184
188.13406925993527,14185
202.27289974299978,14186
203.9777222940056,14187
203.02423672851856,14188
190.8490599143786,14189
209.1377753208148,14190
179.12197480119292,14191
187.26566654844746,14192
159.90900075453584,14193
187.26566654844746,14194
206.82616552737437,14195
212.8546212656714,14196
175.70660881813765,14197
175.70660881813765,14198
194.9488097900609,14199
198.36417577311616,14200
174.10286055711597,14201
178.37063781567414,14202
181.20226300384059,14203
151.38943767340444,14204
154.8048036564597,14205
154.8048036564597,14206
133.88700705879683,14207
150.53702639790154,14208
145.4111169827968,14209
170.63163864532766,14210
176.66009438362468,14211
187.18058369444822,14212
197.04591603791093,14213
202.17182545301566,14214
218.83294195627903,14215
228.61319144574253,14216
249.74506039674978,14217
267.2992568628696,14218
272.41944539693066,14219
272.41944539693066,14220
258.28633579490975,14221
183.49082634973522,14222
180.07546036667995,14223
167.6989391671771,14224
145.4111169827968,14225
145.4111169827968,14226
145.4111169827968,14227
150.53702639790154,14228
153.09426022441025,14229
143.38176802244388,14230
121.0939458380636,14231
121.0939458380636,14232
138.44516711499767,14233
139.29757839050058,14234
168.92681609432185,14235
170.63163864532766,14236
197.04591603791093,14237
228.61319144574253,14238
251.84216664459979,14239
274.59906498141135,14240
287.57571382875943,14241
306.10021390556864,14242
300.9743044904639,14243
300.9743044904639,14244
282.2165129315964,14245
270.71462284592485,14246
187.18058369444822,14247
187.26566654844746,14248
187.26566654844746,14249
169.72828812753002,14250
151.47452052740366,14251
157.4528412180113,14252
168.97695114201125,14253
168.97695114201125,14254
168.97695114201125,14255
145.36098193510742,14256
162.94849540371422,14257
181.20226300384059,14258
168.97695114201125,14259
192.39157596355219,14260
218.91802481027824,14261
239.85263945314347,14262
253.25123011484794,14263
265.99209429182304,14264
285.3340578378253,14265
292.6692449549229,14266
287.0388803888311,14267
274.29801621185595,14268
274.29801621185595,14269
235.44392341185306,14270
190.8490599143786,14271
198.36417577311616,14272
187.26566654844746,14273
187.26566654844746,14274
152.2258575129224,14275
169.72828812753002,14276
151.47452052740366,14277
151.47452052740366,14278
156.60042994250838,14279
151.47452052740366,14280
151.47452052740366,14281
133.03459578329392,14282
156.60042994250838,14283
195.97496932948334,14284
212.72116868674595,14285
259.279685853145,14286
284.4816465623224,14287
304.55769785639507,14288
327.08753311349176,14289
303.1183180932744,14290
297.9924086781697,14291
288.74942382088057,14292
299.4999769210334,14293
286.1363340656388,14294
270.366666721409,14295
240.70505072864637,14296
242.40987327965217,14297
234.67659499034934,14298
203.07437177620795,14299
203.07437177620795,14300
187.26566654844746,14301
203.07437177620795,14302
187.26566654844746,14303
187.26566654844746,14304
169.72828812753002,14305
151.47452052740366,14306
169.72828812753002,14307
190.8490599143786,14308
248.1253206997432,14309
279.35573714721767,14310
285.3340578378253,14311
291.81683367942,14312
314.54135372729024,14313
303.62277324426145,14314
287.0388803888311,14315
287.0388803888311,14316
278.80114694854115,14317
254.72069918772672,14318
257.5190073734061,14319
237.75553320529343,14320
244.12041671170164,14321
234.72673003803874,14322
214.26368473591953,14323
234.72673003803874,14324
209.1377753208148,14325
195.97496932948334,14326
208.20028119131268,14327
209.05269246681559,14328
196.65935322211035,14329
179.12197480119292,14330
180.82679735219872,14331
205.36293512210258,14332
225.36219396058823,14333
242.0233104638516,14334
259.84660860283145,14335
280.1083095195877,14336
285.73295320463586,14337
227.36849647339537,14338
206.05303989577325,14339
207.92588982965495,14340
209.6364332617044,14341
229.5448883651472,14342
186.80511804280636,14343
165.98839573512763,14344
171.96671642573526,14345
171.96671642573526,14346
165.98839573512763,14347
152.06935848645116,14348
148.6539925033959,14349
150.36453593544536,14350
152.06935848645116,14351
148.6539925033959,14352
148.6539925033959,14353
151.01397202176258,14354
148.6539925033959,14355
200.91157023692952,14356
199.20102680488006,14357
262.10808334858245,14358
260.397539916533,14359
240.08570395208733,14360
199.69925355352373,14361
143.53380396933483,14362
153.77990191850063,14363
153.77990191850063,14364
150.36453593544536,14365
142.68139269383192,14366
146.9491699523901,14367
146.9491699523901,14368
159.90900075453584,14369
139.06305152159098,14370
156.60042994250838,14371
151.47452052740366,14372
139.06305152159098,14373
141.62028534809969,14374
139.06305152159098,14375
151.47452052740366,14376
133.93714210648625,14377
133.93714210648625,14378
163.56637981030755,14379
168.69228922541228,14380
169.54470050091518,14381
227.27665129536913,14382
251.0038532428701,14383
255.71404924596186,14384
277.3330477814541,14385
304.71762878472674,14386
307.31024160979126,14387
304.7472869022389,14388
314.4588403906595,14389
295.42988516286323,14390
242.93414718545608,14391
241.22360375340665,14392
230.6920172784244,14393
194.9008712573806,14394
193.1960487063748,14395
198.31623724043587,14396
171.33503709816614,14397
189.42077731541661,14398
151.26708225863769,14399
171.249523051921,14400
168.69228922541228,14401
149.56225970763188,14402
169.54470050091518,14403
169.93169450896173,14404
205.42136056820414,14405
258.8874021563007,14406
293.4067646048537,14407
315.81613800939544,14408
332.0902605046123,14409
346.7774527840098,14410
348.81870310312684,14411
347.6622423484541,14412
340.1590278484806,14413
319.4935148784754,14414
290.05615519968114,14415
278.55426511400947,14416
277.7018538385066,14417
251.84216664459979,14418
238.47852378920518,14419
203.07437177620795,14420
204.72905927952436,14421
188.88540624545402,14422
187.18058369444822,14423
193.25997867504,14424
191.54943524299054,14425
191.54943524299054,14426
211.9520749424791,14427
232.0285574287978,14428
270.2758629863661,14429
281.96963109706473,14430
274.59906498141135,14431
298.91623612614455,14432
287.9976556431158,14433
304.0421455412493,14434
310.0147453508133,14435
308.65744773207734,14436
324.70193763021086,14437
297.3913423167787,14438
262.9406758692685,14439
238.47852378920518,14440
245.72862805230358,14441
239.75030736169595,14442
232.41512024459837,14443
197.04591603791093,14444
206.82616552737437,14445
181.20226300384059,14446
181.20226300384059,14447
181.20226300384059,14448
181.20226300384059,14449
154.8048036564597,14450
187.26566654844746,14451
212.8546212656714,14452
242.06191715513634,14453
257.9055701892066,14454
304.0421455412493,14455
294.3740675059287,14456
285.3340578378253,14457
287.0388803888311,14458
311.0434744076042,14459
318.3786615247018,14460
344.5509258445686,14461
323.5813633953936,14462
287.0388803888311,14463
263.5474631117031,14464
241.52508371520796,14465
212.72116868674595,14466
214.2313064469782,14467
184.30058878135554,14468
184.30058878135554,14469
151.26708225863769,14470
149.56225970763188,14471
145.23862652034063,14472
146.9491699523901,14473
146.9491699523901,14474
142.68139269383192,14475
208.25298575637058,14476
230.12509452873795,14477
260.8399586610666,14478
370.2688700611378,14479
372.5960400983172,14480
380.48787941016,14481
385.4281392025812,14482
390.1178582754957,14483
387.5549035679433,14484
364.14599962744603,14485
353.45748293374663,14486
307.27486261123545,14487
307.27486261123545,14488
276.59280796009404,14489
276.59280796009404,14490
250.3518476391844,14491
250.3518476391844,14492
227.27665129536913,14493
222.11485536040885,14494
218.6994893773536,14495
212.72116868674595,14496
184.6871515971561,14497
184.6871515971561,14498
261.83691967965365,14499
280.0081739431493,14500
276.59280796009404,14501
289.99139862179845,14502
303.0424643512331,14503
299.6270983681778,14504
308.7229639650143,14505
339.36598073262496,14506
346.1967126987355,14507
326.3893318852769,14508
303.59705454990956,14509
303.59705454990956,14510
267.054571543347,14511
263.3146791509446,14512
137.5554832787272,14513
143.58393901702425,14514
148.70984843212898,14515
148.70984843212898,14516
143.58393901702425,14517
143.58393901702425,14518
148.70984843212898,14519
143.58393901702425,14520
143.58393901702425,14521
143.58393901702425,14522
136.48453657029964,14523
165.36243728860217,14524
183.8023620327119,14525
207.36819619192636,14526
230.12509452873795,14527
230.12509452873795,14528
224.71941746886043,14529
212.4941056070311,14530
233.30510703366616,14531
230.12509452873795,14532
256.3717757306912,14533
225.62196379205272,14534
196.61141468943006,14535
193.1960487063748,14536
222.11485536040885,14537
182.59004534930608,14538
148.70984843212898,14539
131.3586271551949,14540
169.63021454716034,14541
149.56225970763188,14542
151.26708225863769,14543
148.70984843212898,14544
143.58393901702425,14545
131.3586271551949,14546
170.0167773629609,14547
189.78068272331953,14548
191.48550527432533,14549
238.4310164487709,14550
246.3495131685114,14551
272.7908791612382,14552
265.7597415233104,14553
247.2019244440143,14554
242.93414718545608,14555
242.93414718545608,14556
237.80823777035138,14557
249.2990306918643,14558
230.6920172784244,14559
215.3696374405435,14560
215.3696374405435,14561
191.48550527432533,14562
198.31623724043587,14563
198.31623724043587,14564
185.03510772167195,14565
185.03510772167195,14566
148.70984843212898,14567
143.58393901702425,14568
143.58393901702425,14569
166.21484856410507,14570
166.21484856410507,14571
193.1960487063748,14572
220.1772488486445,14573
234.1073832614797,14574
246.3495131685114,14575
257.69003546589647,14576
315.85151700795126,14577
314.1409735759018,14578
312.20079754676897,14579
265.37317870750985,14580
261.9578127244546,14581
247.32647637379011,14582
254.27466948284118,14583
244.63896973646195,14584
240.1358389997767,14585
246.3495131685114,14586
236.67033796903206,14587
234.1073832614797,14588
194.9008712573806,14589
194.9008712573806,14590
212.25209253431467,14591
212.25209253431467,14592
213.10450380981757,14593
212.25209253431467,14594
210.5415491022652,14595
230.6920172784244,14596
244.63896973646195,14597
250.8593034997859,14598
276.4482582170099,14599
264.0615785668941,14600
290.6557847011172,14601
305.1071923101418,14602
269.1817671009552,14603
255.97949203384698,14604
265.7597415233104,14605
245.61593294174065,14606
239.51878120240085,14607
209.8136897565382,14608
207.36819619192636,14609
207.36819619192636,14610
188.92827144781663,14611
188.92827144781663,14612
183.8023620327119,14613
207.36819619192636,14614
189.78068272331953,14615
188.92827144781663,14616
194.9008712573806,14617
188.92827144781663,14618
189.78068272331953,14619
196.02767389454124,14620
139.04177039680835,14621
139.04177039680835,14622
193.1960487063748,14623
220.1772488486445,14624
213.346516882534,14625
230.74787320715745,14626
251.0038532428701,14627
242.93414718545608,14628
244.63896973646195,14629
238.57556619185505,14630
211.4263386667094,14631
188.60074432885503,14632
146.9491699523901,14633
146.9491699523901,14634
146.9491699523901,14635
145.23862652034063,14636
139.91546279709388,14637
156.60042994250838,14638
156.60042994250838,14639
133.93714210648625,14640
133.93714210648625,14641
139.91546279709388,14642
143.53380396933483,14643
169.54470050091518,14644
203.71081713615467,14645
227.27665129536913,14646
263.3971924875753,14647
283.78344533410745,14648
300.2441561655537,14649
300.2441561655537,14650
304.7472869022389,14651
306.45783033428836,14652
293.1771320077704,14653
272.7908791612382,14654
260.59794558835017,14655
246.65099313031268,14656
217.64667243003348,14657
221.06203841308874,14658
158.09781422474822,14659
158.09781422474822,14660
159.80835765679768,14661
162.37131236435005,14662
156.39299167374242,14663
144.16767981191308,14664
145.87250236291888,14665
159.80835765679768,14666
159.80835765679768,14667
214.81504724186703,14668
230.45572508675164,14669
252.32783385911898,14670
281.3321545593982,14671
318.40875083445997,14672
333.48293712190406,14673
329.2151598633459,14674
135.60782104578757,14675
132.1924550627323,14676
150.4811704691685,14677
147.06580448611322,14678
133.13567007327808,14679
132.28325879777518,14680
154.8048036564597,14681
168.68480302160543,14682
173.22697164182134,14683
168.8683906482203,14684
170.57893408026976,14685
158.18559483556453,14686
164.55047834197273,14687
150.41164785890822,14688
146.99628187585296,14689
146.99628187585296,14690
161.13511235891747,14691
188.86764948670591,14692
230.36895323904304,14693
248.74061317435593,14694
271.379619175981,14695
256.865743968257,14696
282.4896464917908,14697
327.49941920667277,14698
320.8987510298916,14699
306.0492522486618,14700
302.64498342976526,14701
298.27530527200554,14702
298.27530527200554,14703
286.25786287118814,14704
269.8658480407847,14705
237.0286571126632,14706
225.3406098830082,14707
225.3406098830082,14708
194.62574575067953,14709
204.01943242434243,14710
174.12775264225047,14711
174.12775264225047,14712
156.57355617613075,14713
149.74282421002022,14714
170.7123866591952,14715
205.7801109040813,14716
257.01818869278185,14717
264.25230151989535,14718
282.2201494019593,14719
285.6523334302169,14720
290.9290209907492,14721
299.985848704055,14722
318.18948125649194,14723
307.4389281563391,14724
307.4389281563391,14725
301.7806483808862,14726
294.4454612637886,14727
282.82567884293053,14728
225.8450650339953,14729
210.7708787465512,14730
203.08773550493777,14731
185.8872160443775,14732
164.06524231969956,14733
133.19960004194328,14734
155.9396803335525,14735
142.00954592071736,14736
135.0937311006076,14737
123.72083051428118,14738
148.0380016590144,14739
169.0926469621886,14740
249.72160826696899,14741
277.3686313485123,14742
295.4711896109651,14743
290.34528019586037,14744
306.00277608594735,14745
304.3090506991002,14746
316.11499026394165,14747
317.81981281494745,14748
310.1366695733341,14749
292.4037797524257,14750
281.1319534560834,14751
213.0824885399916,14752
195.5340129549155,14753
185.753763465452,14754
169.9450582376915,14755
154.10140520362123,14756
154.10140520362123,14757
153.24899392811832,14758
134.96027852168217,14759
147.1855903835115,14760
147.1855903835115,14761
147.1855903835115,14762
148.1230845130136,14763
185.753763465452,14764
215.45169717031615,14765
223.5382212729325,14766
260.6290660758281,14767
297.5079768505018,14768
303.1494385807523,14769
297.5247948957042,14770
301.8427072019517,14771
303.5532506340012,14772
295.42768864785415,14773
278.7148062930786,14774
259.87772909030934,14775
238.59558951517425,14776
225.23194665977962,14777
184.9013521899491,14778
175.97351397598854,14779
162.89579083865632,14780
147.08708561089583,14781
141.9611761957911,14782
121.22739841698908,14783
121.22739841698908,14784
121.22739841698908,14785
117.60905724474813,14786
141.9611761957911,14787
157.7698814235516,14788
212.89446334380744,14789
227.00944318472085,14790
258.9242435248223,14791
276.24265532056904,14792
275.9057963602119,14793
296.95258245722,14794
287.9125727891166,14795
294.3953486307113,14796
293.0327613231777,14797
252.99239899692915,14798
214.5093087689878,14799
202.27289974299978,14800
212.05314923246323,14801
197.91431874939875,14802
169.81160565876607,14803
162.89579083865632,14804
162.89579083865632,14805
157.7698814235516,14806
141.9611761957911,14807
141.9611761957911,14808
127.29080196159589,14809
115.06549009976655,14810
121.0939458380636,14811
172.34218207737712,14812
178.37063781567414,14813
218.91802481027824,14814
234.67659499034934,14815
262.9406758692685,14816
262.9406758692685,14817
283.99275165507424,14818
280.2590876650153,14819
265.24075730630426,14820
276.33926653097296,14821
287.4081176381295,14822
247.87221046286808,14823
228.61319144574253,14824
200.07471920516562,14825
162.57302975207236,14826
174.10286055711597,14827
151.38943767340444,14828
180.45092601832184,14829
157.58629379693673,14830
194.9648012260458,14831
210.7233714061169,14832
225.50497838090922,14833
234.3304845034222,14834
219.3121541447112,14835
240.35894024171927,14836
288.29954438255106,14837
292.23618356179577,14838
300.3227076644121,14839
304.2536259626131,14840
300.92334283355706,14841
313.5023317009459,14842
310.9393769933935,14843
296.57048272099973,14844
298.27530527200554,14845
299.2345117185362,14846
279.4271309050776,14847
269.5178919162689,14848
215.0945119338424,14849
209.11619124323477,14850
183.52723652601082,14851
173.74698703654735,14852
173.74698703654735,14853
170.12864586430638,14854
151.83993045787022,14855
142.05968096840678,14856
142.05968096840678,14857
142.05968096840678,14858
135.81268979718507,14859
183.14067371021025,14860
203.30223905052816,14861
254.00620357072953,14862
265.5080936564012,14863
273.5946177590175,14864
280.1784678905964,14865
284.1093861887974,14866
280.1784678905964,14867
272.84328077349875,14868
271.5361182024522,14869
257.4215695537848,14870
255.71102612173533,14871
245.91967946811315,14872
238.58449235101557,14873
175.12110270048564,14874
169.9450582376915,14875
173.36042422074678,14876
153.24899392811832,14877
148.1230845130136,14878
134.96027852168217,14879
129.83436910657744,14880
116.7065109215558,14881
111.58060150645107,14882
135.89777265118425,14883
147.08708561089583,14884
183.74174007160119,14885
217.1733377665243,14886
209.10363170911032,14887
207.39308827706085,14888
221.34004073509834,14889
221.34004073509834,14890
221.34004073509834,14891
211.5597912456349,14892
219.63521818409254,14893
190.59594967750348,14894
187.18058369444822,14895
188.88540624545402,14896
164.28357318412182,14897
165.98839573512763,14898
117.16300202985161,14899
117.16300202985161,14900
113.74763604679634,14901
113.74763604679634,14902
130.21406775928622,14903
134.4818450178444,14904
156.342856626053,14905
156.342856626053,14906
163.17358859216353,14907
195.15708493330789,14908
196.86762836535732,14909
221.40376613526115,14910
221.40376613526115,14911
200.52500742112898,14912
241.55423431142034,14913
129.11964341106687,14914
142.42256157591316,14915
144.98551628346553,14916
139.0071955928579,14917
137.3023730418521,14918
144.98551628346553,14919
139.0071955928579,14920
139.0071955928579,14921
165.85317783343902,14922
146.1283103566111,14923
186.21961192515434,14924
178.48061275480785,14925
192.53436038387315,14926
184.64252107203035,14927
178.39552990080864,14928
174.12775264225047,14929
184.64252107203035,14930
182.93769852102454,14931
192.71794801048804,14932
198.0411117337348,14933
220.21470046790347,14934
278.90585770888816,14935
278.90585770888816,14936
286.2410448259858,14937
291.88250655623625,14938
284.70381846560986,14939
284.70381846560986,14940
289.42634701971167,14941
260.74476189600546,14942
243.93080525124577,14943
216.1982681234573,14944
183.23917848282593,14945
169.1911517348043,14946
153.3824465070438,14947
164.06524231969956,14948
135.94614237611052,14949
135.0937311006076,14950
111.71405408537649,14951
117.69237477598412,14952
117.69237477598412,14953
111.71405408537649,14954
111.49551865245186,14955
156.96583987297495,14956
194.6816016794126,14957
217.8604418305805,14958
265.14331948668297,14959
272.8264627282964,14960
271.1327373414493,14961
267.212916207407,14962
267.96425319292575,14963
265.5080936564012,14964
261.5882725223588,14965
247.1200468681319,14966
208.4281484656329,14967
187.45858601645782,14968
190.87395199951308,14969
157.7197463758622,14970
169.9450582376915,14971
163.96673754708388,14972
148.1230845130136,14973
148.1230845130136,14974
134.96027852168217,14975
129.83436910657744,14976
117.60905724474813,14977
134.96027852168217,14978
135.89777265118425,14979
159.424568926868,14980
183.74174007160119,14981
228.66413068803723,14982
245.22417290131654,14983
247.87221046286808,14984
261.2358533182627,14985
268.9189965598761,14986
264.65121930131795,14987
262.9406758692685,14988
254.70294242897862,14989
237.14874596285887,14990
221.34004073509834,14991
207.39308827706085,14992
194.9648012260458,14993
191.54943524299054,14994
199.23829936564763,14995
196.67534465809527,14996
156.45949115977612,14997
135.60782104578757,14998
149.54367633966638,14999
149.54367633966638,15000
152.10663104721874,15001
150.39608761516928,15002
166.12184831405307,15003
197.52775593359817,15004
211.5597912456349,15005
231.6419946129972,15006
258.28633579490975,15007
274.98240010448296,15008
286.48429019015464,15009
295.5801557869911,15010
295.5300207393017,15011
284.77946763914883,15012
284.77946763914883,15013
274.1299888289801,15014
253.16042637980505,15015
266.35604185232376,15016
246.17765846680356,15017
242.01095549822952,15018
259.1263921047906,15019
291.88250655623625,15020
223.57993140326937,15021
221.31845665751837,15022
194.6741154756058,15023
184.34293467244078,15024
176.2675077339831,15025
162.90386487858848,15026
174.5626851829773,15027
198.08948145866106,15028
212.19336413541578,15029
234.7170473192228,15030
238.30044068515394,15031
237.10007328513524,15032
286.0109810366564,15033
287.7158035876622,15034
301.65165888154104,15035
307.62997957214867,15036
267.7590814887309,15037
250.86218031509446,15038
230.8686423576525,15039
230.8686423576525,15040
212.78290214040203,15041
206.8045814497944,15042
179.82381249977067,15043
163.07189226146437,15044
149.87627678894563,15045
159.6565262784091,15046
161.36706971045857,15047
142.1429984996428,15048
151.97338303679567,15049
161.75363252625914,15050
149.87627678894563,15051
194.7242505232952,15052
208.12284118499963,15053
223.2319752787535,15054
256.8906360533915,15055
267.7590814887309,15056
310.80956088483094,15057
295.7907993338739,15058
293.7327309695546,15059
283.4848421876147,15060
268.9709669798907,15061
249.15735776408866,15062
236.49328604270062,15063
203.00265265093856,15064
201.08913402970342,15065
206.21504344480815,15066
159.6565262784091,15067
151.5868202209951,15068
131.6225091888193,15069
113.33379378238311,15070
125.44693419006961,15071
128.00416801657832,15072
110.7765599558744,15073
124.52310674209465,15074
122.81256331004519,15075
159.35504631660777,15076
207.82136122319824,15077
226.1930211585111,15078
274.13362529934295,15079
281.3677381264564,15080
270.62828219046224,15081
295.21361629450973,15082
302.5488034116073,15083
293.5030728624603,15084
292.65066158695737,15085
283.59383387365165,15086
262.5417580878459,15087
249.68300157568427,15088
249.68300157568427,15089
248.83059030018137,15090
251.39354500773374,15091
202.91567623472758,15092
204.62621966677705,15093
202.06326495922468,15094
202.06326495922468,15095
172.28375663127557,15096
170.57893408026976,15097
162.83993490992327,15098
149.64431943740453,15099
174.84671133882793,15100
218.86706315337142,15101
196.67534465809527,15102
236.3974089773401,15103
241.50732695645988,15104
254.8709698118545,15105
289.55170004869404,15106
290.40411132419695,15107
296.8868871657917,15108
290.40411132419695,15109
286.1363340656388,15110
261.2358533182627,15111
214.17288100087666,15112
223.9531304903401,15113
207.39308827706085,15114
177.4623706114382,15115
168.07440481881895,15116
168.07440481881895,15117
168.07440481881895,15118
162.94849540371422,15119
114.10671484548183,15120
139.3826612444998,15121
126.21985525316833,15122
162.94849540371422,15123
196.53036372276514,15124
212.8546212656714,15125
275.40177240147085,15126
274.63444397996716,15127
281.01042465053405,15128
273.3272814089206,15129
291.81683367942,15130
286.69092426431524,15131
266.912694047069,15132
220.1512016914843,15133
215.88342443292612,15134
220.53776450728483,15135
209.8549686946291,15136
168.55135044268,15137
168.55135044268,15138
160.86820720106655,15139
137.3023730418521,15140
127.9086863681892,15141
144.98551628346553,15142
153.09426022441025,15143
127.07226652867124,15144
121.0939458380636,15145
111.54948101897313,15146
106.4235716038684,15147
150.53702639790154,15148
157.4528412180113,15149
177.41143136914346,15150
203.07437177620795,15151
266.35604185232376,15152
273.6912289694214,15153
266.35604185232376,15154
262.0381295460762,15155
262.3396095078776,15156
256.8271372769723,15157
261.5882725223588,15158
262.5417580878459,15159
249.3350454511684,15160
251.03986800217422,15161
225.54358507219393,15162
210.43445097844,15163
196.336289182729,15164
196.336289182729,15165
206.11653867219243,15166
191.00740457843858,15167
194.42277056149385,15168
175.16375154436827,15169
178.57911752742353,15170
164.4809557317125,15171
168.06434909764366,15172
175.16375154436827,15173
207.82136122319824,15174
225.3406098830082,15175
287.11027414669104,15176
287.11027414669104,15177
286.2410448259858,15178
278.90585770888816,15179
284.5473194391387,15180
297.10949026132516,15181
234.88507470209868,15182
199.0828315168962,15183
200.787654067902,15184
197.37228808484673,15185
170.0435630103072,15186
178.97140122426777,15187
173.84549180916304,15188
173.84549180916304,15189
158.03678658140254,15190
147.31904296243692,15191
147.31904296243692,15192
123.93936594720586,15193
129.0652753623106,15194
111.71405408537649,15195
154.2348577825467,15196
176.106966554914,15197
239.24365569569972,15198
277.20103515788236,15199
287.11027414669104,15200
284.5473194391387,15201
284.5473194391387,15202
297.52396828648676,15203
295.81914573548096,15204
300.92823710538335,15205
205.5270006672062,15206
149.74282421002022,15207
149.74282421002022,15208
151.83993045787022,15209
136.03122523010973,15210
141.15713464521446,15211
135.94614237611052,15212
116.83996350048122,15213
129.96782168550288,15214
111.71405408537649,15215
99.403659369548,15216
111.71405408537649,15217
117.69237477598412,15218
121.10774075903939,15219
123.72083051428118,15220
170.12864586430638,15221
193.30748601547427,15222
229.84996902203682,15223
273.7856691748271,15224
273.7856691748271,15225
270.3703031917718,15226
272.8264627282964,15227
272.3220075773093,15228
204.06956747203185,15229
185.753763465452,15230
169.9450582376915,15231
163.96673754708388,15232
159.424568926868,15233
147.08708561089583,15234
141.9611761957911,15235
157.7698814235516,15236
147.93949688639873,15237
147.93949688639873,15238
126.16399932443525,15239
138.44516711499767,15240
141.00240094150638,15241
145.36098193510742,15242
145.36098193510742,15243
127.9086863681892,15244
134.84049262428388,15245
134.84049262428388,15246
120.1701183900887,15247
139.0071955928579,15248
135.59182960980263,15249
135.59182960980263,15250
159.1576637690171,15251
141.62028534809969,15252
139.91546279709388,15253
119.11555853461752,15254
113.98964911951279,15255
121.67279236112623,15256
119.96796981012042,15257
119.96796981012042,15258
113.98964911951279,15259
113.98964911951279,15260
113.98964911951279,15261
113.98964911951279,15262
102.64912682212764,15263
82.66668602884437,15264
119.96796981012042,15265
110.33227006374108,15266
113.74763604679634,15267
139.91546279709388,15268
162.57302975207236,15269
185.18537834579976,15270
185.18537834579976,15271
218.6994893773536,15272
214.2313064469782,15273
233.45537765779397,15274
253.01587663672092,15275
248.1253206997432,15276
224.94648054857527,15277
224.94648054857527,15278
224.94648054857527,15279
224.94648054857527,15280
190.8490599143786,15281
190.8490599143786,15282
175.79169167213686,15283
137.5554832787272,15284
113.98964911951279,15285
137.5554832787272,15286
133.93714210648625,15287
137.5554832787272,15288
143.53380396933483,15289
119.11555853461752,15290
142.68139269383192,15291
137.5554832787272,15292
148.6539925033959,15293
171.249523051921,15294
218.6994893773536,15295
269.0040794138754,15296
266.912694047069,15297
249.2406052457627,15298
274.1299888289801,15299
268.0665852843732,15300
271.9864064184156,15301
238.393440935206,15302
238.393440935206,15303
212.804486217982,15304
196.29457905239215,15305
263.7975502243517,15306
237.73208107551267,15307
157.7698814235516,15308
169.9450582376915,15309
156.8673351003593,15310
151.74142568525457,15311
141.9611761957911,15312
135.89777265118425,15313
121.22739841698908,15314
127.2057191075967,15315
185.83884631945125,15316
222.67471283327092,15317
239.75030736169595,15318
277.6110501034637,15319
291.3279387721719,15320
266.512540878795,15321
307.71995360257523,15322
303.7833144233305,15323
294.1595639603383,15324
285.2994830338748,15325
239.34692650069303,15326
190.59594967750348,15327
170.63163864532766,15328
203.04022816450347,15329
196.67534465809527,15330
164.41702576304726,15331
142.71294437355584,15332
147.8331329076169,15333
156.64307878639096,15334
154.77022885250926,15335
141.80467716931986,15336
138.3893111862646,15337
129.57936530749052,15338
144.36763187687222,15339
144.41776692456165,15340
191.54943524299054,15341
212.51899769216558,15342
221.34004073509834,15343
257.8204873352074,15344
261.5496658310741,15345
256.5137335417948,15346
280.9643572654535,15347
294.2778650731587,15348
232.6256619524164,15349
230.71214333118127,15350
190.40633821704762,15351
192.11116076805342,15352
169.43677576787258,15353
156.07313291247794,15354
156.07313291247794,15355
157.7836763445274,15356
180.7595413065096,15357
150.00972936787113,15358
156.07313291247794,15359
182.4643638575154,15360
175.63363189140486,15361
179.04899787446013,15362
161.50052228938404,15363
137.78441750604176,15364
121.97571227828129,15365
141.19978348909703,15366
126.29934546557251,15367
120.32102477496488,15368
129.0652753623106,15369
136.16467780903517,15370
113.33379378238311,15371
96.79056961430624,15372
100.2059355973615,15373
98.49539216531204,15374
93.37520363125097,15375
95.08002618225677,15376
75.08648822481476,15377
76.79131077582056,15378
45.50329549146193,15379
112.22827227000508,15380
55.82080961309978,15381
72.19600639830077,15382
72.38788442332776,15383
53.35892919553157,15384
80.8547429394013,15385
84.61319628515713,15386
82.71649570912433,15387
104.42057709861575,15388
129.84816402755322,15389
123.24749585077203,15390
141.42403980306537,15391
149.2752104275547,15392
153.4250953509264,15393
158.08515630632877,15394
163.20534484038984,15395
163.20534484038984,15396
147.06021184451816,15397
148.77075527656763,15398
128.80644424439183,15399
127.10162169338602,15400
114.87630983155668,15401
116.58113238256249,15402
127.10162169338602,15403
94.14253205275463,15404
65.29957914076189,15405
61.69233513267963,15406
63.40287856472909,15407
61.884213157706625,15408
92.43198862070517,15409
95.84735460376044,15410
93.40229223139457,15411
109.41397264834077,15412
118.45970319748784,15413
129.41323148682642,15414
154.46492157187606,15415
154.46492157187606,15416
161.96813607184953,15417
184.84549626121606,15418
179.52233253796928,15419
151.45336764206968,15420
167.29702067613994,15421
154.86873362512495,15422
151.45336764206968,15423
151.45336764206968,15424
131.48905660989382,15425
128.93182278338512,15426
128.93182278338512,15427
95.97273314275375,15428
90.84682372764902,15429
90.84682372764902,15430
90.84682372764902,15431
96.82514441825666,15432
95.97273314275375,15433
95.97273314275375,15434
111.49551865245186,15435
139.22805578024034,15436
199.75165516578426,15437
226.1930211585111,15438
214.18624472960647,15439
206.11653867219243,15440
216.4513783603324,15441
281.1208562919247,15442
281.1208562919247,15443
284.53622227498,15444
249.99420879585261,15445
225.8450650339953,15446
257.08781403247974,15447
234.97992058973944,15448
213.89818668642158,15449
188.61071193099895,15450
169.26874838499668,15451
182.96881900850246,15452
196.1644344810212,15453
179.35047783626152,15454
196.07935162702202,15455
180.152754064075,15456
152.35152093524368,15457
152.35152093524368,15458
152.1596429102167,15459
191.55846413158872,15460
204.95705479329317,15461
220.2284953888793,15462
217.99006709067407,15463
217.99006709067407,15464
248.28555892601491,15465
251.051488822753,15466
250.42914133657942,15467
237.7650696151914,15468
238.9711578962538,15469
207.82325478541003,15470
182.96881900850246,15471
151.7202727999206,15472
150.00972936787113,15473
135.91156757216007,15474
157.23274503082587,15475
132.4962015891048,15476
131.6437903136019,15477
131.6437903136019,15478
89.78924074795125,15479
90.64165202345416,15480
77.56392888612191,15481
71.53547314782486,15482
77.56392888612191,15483
125.44693419006961,15484
239.8235691717567,15485
253.22215983346115,15486
260.25586698875736,15487
261.34406293463326,15488
267.9948661591038,15489
272.26264341766205,15490
247.09306099742594,15491
226.25695112717636,15492
235.3026816763234,15493
224.14831652292162,15494
206.48194860265903,15495
186.68566495335912,15496
166.95713859155626,15497
190.050895888725,15498
136.94090687968844,15499
136.24542582290275,15500
137.24238684148978,15501
140.65775282454504,15502
99.24196311845311,15503
97.52032252224497,15504
103.72827580993595,15505
103.72827580993595,15506
107.30057201170844,15507
140.84963084957204,15508
153.3608624294638,15509
182.7543154629121,15510
216.0264134217495,15511
214.40667372474292,15512
229.08857631534278,15513
242.48716697704722,15514
241.18043559824667,15515
253.405747460076,15516
222.49362901960524,15517
206.11271135336057,15518
201.794799047113,15519
160.98453878199228,15520
157.17688910209282,15521
136.29813038796064,15522
169.18366553099747,15523
128.80644424439183,15524
121.87506918054311,15525
107.19316658994325,15526
122.72748045604601,15527
121.87506918054311,15528
98.49539216531204,15529
96.79056961430624,15530
106.23439133565853,15531
122.81256331004519,15532
164.4809557317125,15533
204.40599524014297,15534
226.1930211585111,15535
276.59550571691113,15536
296.40288653036976,15537
300.3338048285708,15538
300.3338048285708,15539
287.86161113220976,15540
274.54810332450455,15541
210.1329710166387,15542
192.58449543156254,15543
164.55047834197273,15544
183.38798673698793,15545
179.97262075393266,15546
186.21961192515434,15547
172.28375663127557,15548
208.0415856498323,15549
206.33104221778285,15550
172.28375663127557,15551
182.80424594209907,15552
173.99430006332503,15553
174.84671133882793,15554
194.84597017731355,15555
229.97129325908378,15556
212.43391483816637,15557
202.6536653487029,15558
202.6536653487029,15559
181.73586875104002,15560
133.90299849478177,15561
179.17291404348765,15562
181.73586875104002,15563
196.8522726901207,15564
194.28931798256835,15565
149.64431943740453,15566
126.3533078320938,15567
170.32582384339466,15568
198.69626870109568,15569
190.06991044893647,15570
164.78243569351383,15571
174.17612236717673,15572
147.26318703370387,15573
143.8478210506486,15574
136.07959495503596,15575
139.49496093809122,15576
144.6151494721523,15577
139.49496093809122,15578
135.22718367953306,15579
148.3899896708645,15580
192.11116076805342,15581
216.965596544961,15582
231.98392690367203,15583
232.92714191421777,15584
230.3641872066654,15585
249.387421553418,15586
248.77079494828808,15587
251.09796498546746,15588
239.90865202575588,15589
224.80523881304566,15590
194.71272216689053,15591
171.5338820157226,15592
151.97338303679567,15593
119.41847845177259,15594
114.29256903666786,15595
96.00385363023165,15596
96.00385363023165,15597
96.00385363023165,15598
63.0797117959101,15599
77.56392888612191,15600
77.75008603010528,15601
81.33347939603647,15602
78.41634016162482,15603
102.06725717483852,15604
105.65065054076967,15605
142.1931335473322,15606
198.5319002031947,15607
216.1982681234573,15608
218.10606586364878,15609
240.5154392681905,15610
249.99420879585261,15611
220.21470046790347,15612
199.2858067060819,15613
189.30258202743278,15614
153.15819019307548,15615
149.74282421002022,15616
116.61570718651294,15617
105.360698935373,15618
103.65587638436719,15619
101.94533295231773,15620
118.3262506185624,15621
116.61570718651294,15622
97.62742064607014,15623
97.62742064607014,15624
112.29779488026534,15625
101.8951979046283,15626
99.33224319707594,15627
120.0310731695682,15628
139.22805578024034,15629
170.7123866591952,15630
212.14499441048946,15631
254.45523398522948,15632
261.1848916613559,15633
265.1047127953982,15634
228.6473126428349,15635
248.83059030018137,15636
204.62621966677705,15637
198.56281612217018,15638
187.07202320065724,15639
184.50906849310488,15640
153.0596854204598,15641
138.3893111862646,15642
127.29080196159589,15643
139.29757839050058,15644
115.06549009976655,15645
115.06549009976655,15646
133.31925769989294,15647
133.31925769989294,15648
115.06549009976655,15649
109.78880253923427,15650
100.39511586557137,15651
106.373436556179,15652
106.373436556179,15653
138.25585860733915,15654
156.50962620746552,15655
209.8549686946291,15656
194.01131566055875,15657
237.14874596285887,15658
223.9029954426507,15659
216.78677495072375,15660
216.78677495072375,15661
139.29757839050058,15662
124.45917677342945,15663
146.99628187585296,15664
129.83436910657744,15665
134.96027852168217,15666
96.82514441825666,15667
113.20034120345767,15668
137.65096492711632,15669
117.69237477598412,15670
113.33379378238311,15671
123.93936594720586,15672
87.39688294064334,15673
120.32102477496488,15674
87.39688294064334,15675
149.87627678894563,15676
181.52863505077647,15677
204.70747520194436,15678
215.89678816165593,15679
229.7648861680376,15680
240.5154392681905,15681
238.45693971162518,15682
231.1217525945276,15683
243.76277786836985,15684
252.57272374714393,15685
241.61919545780535,15686
215.7595082638986,15687
235.55579191319853,15688
203.90343365136772,15689
181.26399645749666,15690
152.10683561572114,15691
177.34417532345432,15692
164.9158882724393,15693
145.69181706162354,15694
125.58038676899506,15695
101.00521111556048,15696
125.58038676899506,15697
136.29813038796064,15698
136.29813038796064,15699
130.10127426442833,15700
180.9275686893855,15701
217.8180078204639,15702
235.37220428658367,15703
253.66091969301982,15704
260.3060020364468,15705
261.7807607981232,15706
269.46962492078035,15707
252.57272374714393,15708
243.32401800881115,15709
239.90865202575588,15710
224.80523881304566,15711
215.5914808810227,15712
171.2807717788475,15713
161.8870851051846,15714
167.95048864979142,15715
136.29813038796064,15716
114.29256903666786,15717
108.22916549206099,15718
136.29813038796064,15719
120.45447735389033,15720
101.12976304533638,15721
89.78924074795125,15722
125.58038676899506,15723
136.16467780903517,15724
157.0992924519004,15725
183.6257412986265,15726
255.18581350238568,15727
256.7456551180614,15728
308.76787937346796,15729
310.0857079164272,15730
309.51921635898674,15731
298.9876298840045,15732
295.5722639009492,15733
179.72530772715498,15734
203.00265265093856,15735
179.82381249977067,15736
153.3824465070438,15737
113.20034120345767,15738
111.49551865245186,15739
100.24051040131192,15740
127.13619649733644,15741
92.5015112309654,15742
119.39719732698993,15743
111.6289712313773,15744
116.83996350048122,15745
92.52279235574807,15746
117.69237477598412,15747
135.0937311006076,15748
148.0380016590144,15749
183.52723652601082,15750
239.9413587775055,15751
262.93404178469007,15752
263.44959409983585,15753
286.99320842072194,15754
290.4085744037772,15755
275.3902440450662,15756
277.59952174705904,15757
245.81860517812902,15758
236.03835568866555,15759
193.5219895610647,15760
169.9951932853809,15761
175.97351397598854,15762
157.7197463758622,15763
156.8673351003593,15764
163.96673754708388,15765
163.96673754708388,15766
134.96027852168217,15767
134.96027852168217,15768
117.60905724474813,15769
117.5589221970587,15770
108.06459242565762,15771
127.2057191075967,15772
141.02368206628898,15773
151.74142568525457,15774
185.83884631945125,15775
220.9809874464238,15776
239.75030736169595,15777
326.5402127601421,15778
289.21930416791713,15779
312.3742936769339,15780
256.865743968257,15781
264.2009310853546,15782
246.5699421636478,15783
220.9809874464238,15784
221.8333987219267,15785
215.45169717031615,15786
181.18450624509248,15787
213.74687461931035,15788
176.05859682998775,15789
141.9611761957911,15790
116.68522979677317,15791
114.98040724576737,15792
118.39577322882263,15793
120.10059577982844,15794
120.10059577982844,15795
130.62108509065197,15796
132.32590764165778,15797
134.97394520320933,15798
133.26912265220352,15799
151.5228902523299,15800
145.54456956172226,15801
188.13406925993527,15802
213.75797178346903,15803
199.6248621814482,15804
199.6248621814482,15805
139.29757839050058,15806
138.3893111862646,15807
116.68522979677317,15808
116.68522979677317,15809
132.41671137670062,15810
134.97394520320933,15811
141.9611761957911,15812
114.12799597026446,15813
114.98040724576737,15814
118.39577322882263,15815
118.39577322882263,15816
114.98040724576737,15817
114.12799597026446,15818
114.98040724576737,15819
122.74863334137999,15820
122.74863334137999,15821
121.04381079037418,15822
154.93825623538515,15823
174.93179419282714,15824
183.74174007160119,15825
215.45169717031615,15826
221.8333987219267,15827
173.22697164182134,15828
161.5332035311227,15829
153.2277128033357,15830
136.6844886352588,15831
136.6844886352588,15832
149.64431943740453,15833
128.9105416586025,15834
130.62108509065197,15835
110.62182625216633,15836
110.62182625216633,15837
114.0371922352216,15838
112.33236968421579,15839
112.33236968421579,15840
128.70756646941683,15841
128.70756646941683,15842
120.23404835875391,15843
144.3482443143014,15844
144.3482443143014,15845
167.965844325028,15846
195.9998614146178,15847
254.45523398522948,15848
278.90585770888816,15849
271.57067059179053,15850
205.7801109040813,15851
195.9998614146178,15852
195.9998614146178,15853
195.9998614146178,15854
160.93213716973176,15855
160.93213716973176,15856
160.93213716973176,15857
162.63695972073756,15858
180.1060733328581,15859
174.98016391775337,15860
158.2840996081802,15861
168.91676037314656,15862
182.85261566702536,15863
184.55743821803117,15864
181.1420722349759,15865
192.63286515648883,15866
190.92232172443937,15867
205.43619693216337,15868
207.53330318001338,15869
211.2850969311798,15870
215.60873011847104,15871
195.99237521081105,15872
191.72459795225288,15873
199.46359712259937,15874
192.2405814596446,15875
174.7270536808783,15876
147.62839239566804,15877
92.25992935049501,15878
84.57678610888158,15879
90.55510679948921,15880
108.72592987073884,15881
105.31056388768357,15882
84.57678610888158,15883
105.31056388768357,15884
58.908648477193466,15885
58.908648477193466,15886
43.57202011147868,15887
43.57202011147868,15888
41.867197560472874,15889
42.01840689814644,15890
162.93843968253893,15891
54.82702836261862,15892
45.6256509062287,15893
56.688781132341646,15894
56.688781132341646,15895
60.29602514042391,15896
59.443613864921005,15897
56.688781132341646,15898
60.29602514042391,15899
40.15665412842341,15900
56.688781132341646,15901
58.39932456439111,15902
42.01840689814644,15903
68.02930342972675,15904
81.00595227707487,15905
102.52387652258295,15906
116.64588896044506,15907
157.17688910209282,15908
184.47638725136625,15909
184.47638725136625,15910
171.2807717788475,15911
174.69613776190278,15912
155.472066551087,15913
155.472066551087,15914
176.73738808101973,15915
176.73738808101973,15916
176.73738808101973,15917
133.52554089663317,15918
136.24542582290275,15919
136.24542582290275,15920
74.96639937461912,15921
104.70523901521474,15922
117.68188786256286,15923
109.06382000881578,15924
105.45657600073352,15925
119.39243129461232,15926
135.23608432868264,15927
144.85496602985955,15928
137.09783709840565,15929
124.71559501785907,15930
124.71559501785907,15931
139.6284135170167,15932
155.472066551087,15933
178.4479315130692,15934
165.25231604055045,15935
165.25231604055045,15936
178.4479315130692,15937
175.03256553001393,15938
175.03256553001393,15939
164.30910103000468,15940
157.47836906389415,15941
135.23608432868264,15942
129.1726807840758,15943
129.1726807840758,15944
101.13866369448591,15945
101.13866369448591,15946
85.29501066041566,15947
87.19171123644846,15948
101.13866369448591,15949
85.29501066041566,15950
83.5844672283662,15951
125.00597781550177,15952
140.84963084957204,15953
186.432554716484,15954
217.58045782732773,15955
214.16509184427247,15956
203.2465113612437,15957
218.26484171995475,15958
213.99706446139658,15959
202.81347238272866,15960
202.81347238272866,15961
195.47828526563106,15962
193.7677418335816,15963
171.33357907334306,15964
167.9182130902878,15965
161.93989239968016,15966
136.0468882032863,15967
138.95293027353924,15968
147.53768112479926,15969
148.5762495442855,15970
148.5762495442855,15971
145.07580070723105,15972
142.5128459996787,15973
144.4095465757115,15974
142.5128459996787,15975
153.1623248098474,15976
145.8271376927498,15977
169.62875652233726,15978
169.62875652233726,15979
168.61941502811715,15980
167.9182130902878,15981
156.43314104981852,15982
167.7670037526142,15983
166.213390539282,15984
164.50284710723253,15985
163.65043583172962,15986
152.35152093524368,15987
137.24238684148978,15988
140.84963084957204,15989
125.00597781550177,15990
125.00597781550177,15991
109.19727258774124,15992
47.35175458201712,15993
98.71582116044843,15994
97.85675029035613,15995
83.71791980729162,15996
82.01309725628582,15997
99.56157284136194,15998
82.01309725628582,15999
117.8153404414883,16000
128.8079066143576,16001
150.43800231400854,16002
182.16477745792582,16003
182.16477745792582,16004
195.56336811963027,16005
201.1880118046784,16006
202.89855523672787,16007
208.8768759273355,16008
171.17178009281054,16009
172.88232352486,16010
169.27507951677774,16011
133.43379844804457,16012
126.40009129274831,16013
130.85974657633346,16014
119.52588387353777,16015
115.95358767176528,16016
119.52588387353777,16017
119.52588387353777,16018
117.66413110381474,16019
129.149203144284,16020
128.11063472479776,16021
138.1949336934311,16022
136.48439026138163,16023
134.77956771037583,16024
130.85974657633346,16025
144.22338943172815,16026
154.2066141103773,16027
173.54857765637956,16028
176.61026663387534,16029
193.41978570906576,16030
200.2505176751763,16031
170.9856229488272,16032
154.2066141103773,16033
154.2066141103773,16034
142.70472402470568,16035
142.5128459996787,16036
130.85974657633346,16037
109.89018412715845,16038
95.94323166912096,16039
88.20995337981812,16040
86.31325280378532,16041
75.13223024248587,16042
72.3663003457478,16043
64.60064376750366,16044
72.20937012703058,16045
56.568692282146,16046
52.21583216958865,16047
58.279235714195465,16048
92.37665634839213,16049
133.06902427832637,16050
156.05154883489797,16051
156.05154883489797,16052
154.35782344805085,16053
178.66389742862535,16054
155.9114366613831,16055
156.0683668801003,16056
131.0277739592094,16057
125.51530172830411,16058
117.66413110381474,16059
105.43881924198541,16060
119.36895365482054,16061
117.66413110381474,16062
117.66413110381474,16063
121.07949708687,16064
101.0802382483844,16065
110.59138606498779,16066
122.08217898650072,16067
120.37163555445126,16068
122.08217898650072,16069
103.67557124487806,16070
99.25086376760267,16071
93.8953217554146,16072
93.8953217554146,16073
110.59138606498779,16074
138.3239231927763,16075
134.44313994226468,16076
132.73259651021522,16077
133.43379844804457,16078
135.29555121776758,16079
133.43379844804457,16080
135.144341880094,16081
133.43379844804457,16082
116.61984180328484,16083
146.78634413928052,16084
145.07580070723105,16085
119.36895365482054,16086
89.59516620791513,16087
99.3754156973786,16088
129.8154572758036,16089
134.77956771037583,16090
147.97518318289454,16091
151.89500431693688,16092
159.23019143403448,16093
164.61854292740986,16094
177.31593165128493,16095
187.2251706400936,16096
190.79746684186608,16097
211.19481685255698,16098
257.3858396778086,16099
279.8802959363495,16100
279.8802959363495,16101
279.8802959363495,16102
277.0021945854686,16103
256.0675799426034,16104
253.11806241925044,16105
236.30410577449072,16106
237.39230172036662,16107
191.63431787363004,16108
162.94257429931088,16109
156.57769079290267,16110
147.53768112479926,16111
134.44313994226468,16112
132.73259651021522,16113
136.8491644310998,16114
133.43379844804457,16115
115.95358767176528,16116
82.01309725628582,16117
83.71791980729162,16118
123.14422504577874,16119
142.87762016939686,16120
156.43314104981852,16121
190.050895888725,16122
218.5236728378735,16123
230.17677226121867,16124
224.19845157061104,16125
230.79911974739224,16126
222.49362901960524,16127
194.02085207045673,16128
192.31602951945092,16129
95.98609687148357,16130
111.51997954534033,16131
83.91199434732779,16132
96.83850814698647,16133
65.47206960321805,16134
77.69738146504739,16135
59.443613864921005,16136
65.65822674720138,16137
59.59482320259457,16138
28.22172506423678,16139
38.89599323010232,16140
6.6704838162416,16141
28.22172506423678,16142
77.88353860903072,16143
114.9353455283956,16144
146.0783798774241,16145
152.05670056803174,16146
194.71272216689053,16147
228.81014280108718,16148
239.76367109042576,16149
214.13976856689197,16150
239.76367109042576,16151
219.17487424695386,16152
175.63363189140486,16153
186.4400409202908,16154
167.95048864979142,16155
126.51788089849717,16156
113.35507490716572,16157
102.8669638852835,16158
71.53547314782486,16159
83.76078500965423,16160
51.65410664452577,16161
71.68668248549842,16162
66.32448087872095,16163
42.01840689814644,16164
44.7732396307258,16165
39.88311488599406,16166
51.65410664452577,16167
87.53033551956875,16168
125.16101447200722,16169
169.43677576787258,16170
205.86708732029228,16171
226.18149280210645,16172
298.2362928984858,16173
258.601179485441,16174
240.34741188531459,16175
229.59685878516171,16176
221.8229118085054,16177
185.2804288019429,16178
157.7836763445274,16179
148.97373046575333,16180
131.4195339996336,16181
131.4195339996336,16182
126.29934546557251,16183
111.46094384850142,16184
109.75040041645195,16185
109.75040041645195,16186
107.19316658994325,16187
69.10816753420713,16188
75.08648822481476,16189
75.17157107881397,16190
102.81902535260326,16191
90.7966886799596,16192
133.19960004194328,16193
157.5167711866765,16194
192.58449543156254,16195
230.35785607488435,16196
211.84351444868815,16197
194.28931798256835,16198
189.16912944850728,16199
195.9998614146178,16200
155.80622775462703,16201
167.965844325028,16202
152.1221912909577,16203
164.55047834197273,16204
150.41164785890822,16205
154.77022885250926,16206
137.4518170567625,16207
121.534982527457,16208
67.51944648561368,16209
67.67065582328726,16210
84.0515734895319,16211
57.374422826432024,16212
70.9503727124079,16213
49.60047584977575,16214
49.60047584977575,16215
68.54434822357275,16216
75.28956614343812,16217
91.16653617999548,16218
120.94604450794456,16219
138.796000054822,16220
191.55846413158872,16221
207.16633249528604,16222
201.1029289506792,16223
149.2425036758051,16224
150.28679297633497,16225
143.21404793750804,16226
137.1506443929012,16227
137.1506443929012,16228
100.96140719965213,16229
99.25086376760267,16230
103.67557124487806,16231
83.4072107335324,16232
83.4072107335324,16233
72.22618817223295,16234
59.98405826520127,16235
59.98405826520127,16236
70.51564474018349,16237
70.32948759620015,16238
110.59138606498779,16239
131.52600070785303,16240
152.99429742697149,16241
142.5128459996787,16242
146.67468020643742,16243
169.27507951677774,16244
167.75641410975527,16245
170.9856229488272,16246
157.9650674561331,16247
144.4095465757115,16248
132.9244745352422,16249
129.30613336300124,16250
130.35042266353113,16251
120.72138251174123,16252
102.46761491161486,16253
60.152085648077204,16254
86.62396187754455,16255
82.01309725628582,16256
67.92603262473348,16257
74.24744067804167,16258
89.78132335189846,16259
105.43881924198541,16260
97.36339230352775,16261
93.94802632047248,16262
105.43881924198541,16263
115.06879810732109,16264
104.70523901521474,16265
117.68188786256286,16266
124.87252523657628,16267
155.77354651288834,16268
159.1889124959436,16269
149.40866300648017,16270
136.94090687968844,16271
138.6514503117379,16272
136.94090687968844,16273
117.68188786256286,16274
121.28913187064512,16275
103.00041646420894,16276
101.13866369448591,16277
113.36397555631528,16278
103.00041646420894,16279
98.56461182277486,16280
85.29501066041566,16281
95.8097790901955,16282
99.41702309827777,16283
98.56461182277486,16284
108.34486131223834,16285
107.30057201170844,16286
126.71080036650757,16287
140.84963084957204,16288
140.65775282454504,16289
189.49996457502343,16290
198.97873410268554,16291
212.10659228770717,16292
214.3215908707437,16293
208.6912263046519,16294
224.5676888199095,16295
163.83659297571296,16296
138.95293027353924,16297
165.54713640776242,16298
161.93989239968016,16299
150.43800231400854,16300
132.73259651021522,16301
131.0277739592094,16302
129.30613336300124,16303
94.08147889939794,16304
81.8561670375686,16305
81.8561670375686,16306
58.29033287835418,16307
61.862629080126666,16308
60.00087631040364,16309
58.29033287835418,16310
83.56671046961806,16311
146.8714269932797,16312
161.93989239968016,16313
187.78942114297396,16314
199.4831892536726,16315
215.52195827076244,16316
212.10659228770717,16317
225.4201000954124,16318
202.89855523672787,16319
193.41978570906576,16320
154.2132737049667,16321
139.99721957406913,16322
108.21140873331288,16323
125.00597781550177,16324
125.00597781550177,16325
87.19171123644846,16326
85.29501066041566,16327
81.72271445864317,16328
48.95550284303877,16329
58.39932456439111,16330
54.82702836261862,16331
50.66032539404458,16332
47.05880226700597,16333
48.76362481801178,16334
72.9127685798691,16335
91.16653617999548,16336
104.26107736253006,16337
146.45914548312723,16338
152.52254902773407,16339
155.08550373528644,16340
153.37496030323697,16341
178.11150374495804,16342
155.08550373528644,16343
134.9683525616143,16344
116.64588896044506,16345
113.2305229773898,16346
113.2305229773898,16347
113.0386449523628,16348
113.0386449523628,16349
116.64588896044506,16350
116.64588896044506,16351
116.64588896044506,16352
113.0386449523628,16353
116.64588896044506,16354
116.64588896044506,16355
116.64588896044506,16356
113.0386449523628,16357
115.60159965991517,16358
115.60159965991517,16359
113.0386449523628,16360
113.0386449523628,16361
134.9683525616143,16362
152.52254902773407,16363
182.4643638575154,16364
182.4643638575154,16365
179.04899787446013,16366
166.6207108234451,16367
163.20534484038984,16368
160.59225508514808,16369
162.30279851719754,16370
144.74860205107777,16371
162.60427847899888,16372
109.06382000881578,16373
109.06382000881578,16374
94.9249895257513,16375
109.06382000881578,16376
77.69738146504739,16377
96.83850814698647,16378
108.87194198378879,16379
105.45657600073352,16380
94.94180757095367,16381
77.69738146504739,16382
93.23126413890421,16383
102.20070975376396,16384
131.6437903136019,16385
135.22718367953306,16386
130.10127426442833,16387
158.17023916032798,16388
164.1485598509356,16389
177.51220270633024,16390
147.45249554136242,16391
123.68625571033076,16392
131.6437903136019,16393
114.29256903666786,16394
96.00385363023165,16395
102.20070975376396,16396
102.20070975376396,16397
66.32448087872095,16398
71.68668248549842,16399
66.32448087872095,16400
34.28512860884359,16401
34.28512860884359,16402
34.28512860884359,16403
34.28512860884359,16404
38.70983608611898,16405
32.68138034782194,16406
53.38021032031416,16407
77.69738146504739,16408
124.20627110505674,16409
176.73738808101973,16410
210.8348087152164,16411
227.21572638146108,16412
236.42376343244038,16413
223.1159765057788,16414
226.9799417110881,16415
199.4831892536726,16416
206.9864037536461,16417
187.78942114297396,16418
121.28913187064512,16419
153.54701957344713,16420
149.92867840120618,16421
114.55947419451874,16422
102.14800518870604,16423
92.50120827816805,16424
50.68160651882722,16425
51.534017794330126,16426
29.673006186121455,16427
51.534017794330126,16428
69.7877853944565,16429
41.898318047950795,16430
47.926773786247864,16431
98.71582116044843,16432
137.09783709840565,16433
198.7988053610456,16434
214.40667372474292,16435
230.21537895250341,16436
241.168907241842,16437
241.168907241842,16438
225.32525420777168,16439
214.40667372474292,16440
182.7543154629121,16441
89.97539789193462,16442
96.13730620915713,16443
120.43672059514222,16444
114.55947419451874,16445
86.49050929861912,16446
92.68736542215139,16447
53.38021032031416,16448
62.02212881621233,16449
74.39865001571523,16450
51.534017794330126,16451
41.47450818139362,16452
41.47450818139362,16453
41.47450818139362,16454
21.340858050436808,16455
63.62587707723398,16456
119.39243129461232,16457
176.73738808101973,16458
221.58536181536925,16459
229.32436098571577,16460
244.59580158130194,16461
226.34203398117558,16462
217.80647946405924,16463
221.84419293328807,16464
198.42956811174713,16465
200.48806766831245,16466
210.8906646439495,16467
205.60825620237352,16468
249.18268104146915,16469
226.6261883764748,16470
221.33225157849418,16471
168.76396477120127,16472
176.86648030980263,16473
150.6826876335311,16474
139.15600819216263,16475
137.63734278514016,16476
121.67579741588335,16477
137.63734278514016,16478
132.6732323505679,16479
139.15600819216263,16480
128.59161223599307,16481
147.26732165047582,16482
178.17321168860315,16483
178.57215498003677,16484
188.3133665859695,16485
174.9147759242651,16486
157.83171760664533,16487
141.05270876819543,16488
148.387895885293,16489
138.64096339831661,16490
121.67579741588335,16491
121.86195455986669,16492
125.27732054292196,16493
121.86195455986669,16494
111.87872988121754,16495
121.11061757434793,16496
119.91511893614448,16497
125.87841241432388,16498
125.87841241432388,16499
112.07060790624453,16500
113.93236067596756,16501
104.15211118650409,16502
103.99518096778687,16503
113.7922485024527,16504
115.4970710534585,16505
142.24820740639888,16506
142.24820740639888,16507
138.8328414233436,16508
153.59982686794268,16509
153.59982686794268,16510
159.23019143403448,16511
144.86129716164066,16512
131.497654306246,16513
145.30545881432536,16514
92.82081800107684,16515
128.1900222077643,16516
92.82081800107684,16517
64.60064376750366,16518
64.75185310517722,16519
58.72339736688018,16520
58.72339736688018,16521
58.72339736688018,16522
64.75185310517722,16523
58.279235714195465,16524
64.75185310517722,16525
80.5955061392475,16526
80.5955061392475,16527
114.50676962946083,16528
143.90022266290913,16529
214.50151961238365,16530
214.3215908707437,16531
214.3215908707437,16532
208.34327018013607,16533
213.4691795952408,16534
226.63198558657223,16535
215.67845729723368,16536
152.35152093524368,16537
140.1484289117427,16538
149.92867840120618,16539
149.92867840120618,16540
114.55947419451874,16541
103.00041646420894,16542
102.14800518870604,16543
94.9249895257513,16544
91.35841420502247,16545
94.9249895257513,16546
54.82702836261862,16547
56.53757179466808,16548
58.39932456439111,16549
56.688781132341646,16550
64.46272810899792,16551
68.02930342972675,16552
66.16755066000373,16553
40.82290825994298,16554
39.920361936750666,16555
37.508616566871865,16556
38.20981850470122,16557
70.1636567283334,16558
70.1636567283334,16559
75.28956614343812,16560
41.53967044151129,16561
68.27398874924931,16562
54.50522212470068,16563
31.208489638346265,16564
34.96694298410209,16565
40.83846850368194,16566
55.508842737877146,16567
59.11608674595941,16568
59.11608674595941,16569
71.34139860778875,16570
69.63085517573928,16571
71.49260794546231,16572
83.56671046961806,16573
103.8617283888614,16574
82.55479945802949,16575
119.67043361662192,16576
138.53802105613164,16577
152.48497351416913,16578
168.06848371441558,16579
167.5534389205696,16580
179.1732213414277,16581
200.44426375240408,16582
203.5059527298999,16583
191.03375903353884,16584
183.34438738958198,16585
174.49053486546194,16586
178.05711018619076,16587
161.09194420375752,16588
135.0810476721772,16589
125.28398013751136,16590
97.13779159377866,16591
76.82595562933297,16592
76.97716496700653,16593
38.58974723592334,16594
58.72339736688018,16595
64.75185310517722,16596
70.94870922870949,16597
54.11253274562145,16598
92.82081800107684,16599
92.50120827816805,16600
187.5526977590552,16601
176.80214465890234,16602
211.26974125594322,16603
172.88232352486,16604
170.9856229488272,16605
180.2175106419576,16606
174.88862603766717,16607
142.70472402470568,16608
125.73383716122875,16609
129.30613336300124,16610
83.71791980729162,16611
74.24744067804167,16612
102.46761491161486,16613
67.92603262473348,16614
62.90691838065656,16615
56.14488241558885,16616
56.14488241558885,16617
50.08147887098201,16618
31.82771127085563,16619
17.157337036660422,16620
37.85616700915267,16621
37.70495767147911,16622
50.68160651882722,16623
98.71582116044843,16624
139.99721957406913,16625
169.35572480120766,16626
199.4831892536726,16627
196.06782327061734,16628
206.9864037536461,16629
190.43745870452554,16630
154.0563434862495,16631
120.58792993281578,16632
102.33416233268937,16633
102.33416233268937,16634
74.11398809911621,16635
74.26519743678978,16636
74.11398809911621,16637
47.502963919690686,16638
47.502963919690686,16639
47.502963919690686,16640
44.59692184943776,16641
47.35175458201712,16642
21.340858050436808,16643
18.586025317857448,16644
18.586025317857448,16645
18.586025317857448,16646
11.497720035291522,16647
27.498303288079057,16648
78.54979274055029,16649
65.47206960321805,16650
83.91199434732779,16651
102.20070975376396,16652
136.29813038796064,16653
120.45447735389033,16654
84.61319628515713,16655
83.91199434732779,16656
65.65822674720138,16657
65.65822674720138,16658
44.92444896839936,16659
44.92444896839936,16660
65.65822674720138,16661
44.7732396307258,16662
44.7732396307258,16663
44.92444896839936,16664
18.16221545130027,16665
18.16221545130027,16666
18.16221545130027,16667
3.9156510836622402,16668
3.9156510836622402,16669
18.011006113626706,16670
17.718053798615585,16671
44.92444896839936,16672
64.46272810899792,16673
70.49118384729496,16674
127.10162169338602,16675
162.90386487858848,16676
143.8478210506486,16677
142.1429984996428,16678
113.16576639950722,16679
129.9176866378135,16680
98.49539216531204,16681
104.52384790360907,16682
124.52310674209465,16683
122.81256331004519,16684
101.1084819205538,16685
102.81902535260326,16686
95.08002618225677,16687
115.04433721443257,16688
69.10816753420713,16689
48.409337561714864,16690
42.19472467943447,16691
48.409337561714864,16692
42.345934017108036,16693
48.409337561714864,16694
80.2974804939187,16695
119.39719732698993,16696
131.48905660989382,16697
167.29702067613994,16698
210.5252547134829,16699
239.9413587775055,16700
232.60617166040794,16701
247.62450201911895,16702
176.106966554914,16703
156.96583987297495,16704
156.96583987297495,16705
117.74250982367354,16706
110.58725144821588,16707
99.403659369548,16708
99.403659369548,16709
84.73328513535279,16710
99.403659369548,16711
83.88087385984988,16712
82.8547143204274,16713
82.8547143204274,16714
84.81836798935197,16715
48.409337561714864,16716
86.43810768635859,16717
94.21205466301487,16718
111.49551865245186,16719
116.61570718651294,16720
134.9044225929491,16721
169.00184322714574,16722
183.14067371021025,16723
218.20839795509633,16724
264.23548347469296,16725
238.73920054471267,16726
192.71794801048804,16727
176.87429497641773,16728
161.06558974865723,16729
176.87429497641773,16730
178.57911752742353,16731
181.1420722349759,16732
162.77041229966304,16733
190.06991044893647,16734
208.4765181905591,16735
151.5868202209951,16736
155.9396803335525,16737
189.6833476331359,16738
190.06991044893647,16739
199.80002489071052,16740
178.83046244153547,16741
174.3946578001014,16742
188.0947284236072,16743
205.5581211546841,16744
208.62553101322354,16745
215.96071813032114,16746
221.9891738686182,16747
259.56399689232353,16748
247.61307639215195,16749
241.5496728475451,16750
230.63109236451635,16751
233.9613754935724,16752
197.18310781663686,16753
158.2882342249521,16754
159.99305677595794,16755
154.70484085902092,16756
138.86118782495066,16757
123.236070223805,16758
123.236070223805,16759
102.11529843695642,16760
94.21493147832338,16761
94.88118560984294,16762
94.02877433434004,16763
94.88118560984294,16764
104.66143509930643,16765
104.66143509930643,16766
112.08170507040323,16767
102.30145558093976,16768
121.71740481678253,16769
151.36886235893218,16770
162.28744284196097,16771
154.80104638718979,16772
168.3508463865678,16773
161.01565926947018,16774
148.3182705455951,16775
135.0810476721772,16776
94.08147889939794,16777
88.20995337981812,16778
84.60270937173586,16779
74.08794094195598,16780
74.08794094195598,16781
63.759329656159466,16782
58.29033287835418,16783
71.49260794546231,16784
42.73516907971474,16785
57.562473532627166,16786
42.89209929843196,16787
61.72917650120118,16788
47.05880226700597,16789
69.49740259681383,16790
56.688781132341646,16791
76.68803997082726,16792
78.39286252183307,16793
96.64663012195948,16794
111.51997954534033,16795
101.00521111556048,16796
101.00521111556048,16797
87.06935582168168,16798
120.45447735389033,16799
114.20748618266862,16800
96.00385363023165,16801
101.98217432083928,16802
49.0755916932344,16803
48.2231804177315,16804
48.2231804177315,16805
48.2231804177315,16806
45.50329549146193,16807
45.50329549146193,16808
49.0755916932344,16809
48.409337561714864,16810
49.0755916932344,16811
49.0755916932344,16812
31.10774381117045,16813
57.11864034275081,16814
51.99273092764608,16815
82.8547143204274,16816
81.1498917694216,16817
87.98062373553213,16818
84.56525775247687,16819
91.3959897185874,16820
102.81902535260326,16821
102.81902535260326,16822
76.79131077582056,16823
81.1498917694216,16824
75.17157107881397,16825
31.293900955153816,16826
31.293900955153816,16827
57.97105161825371,16828
58.05613447225292,16829
82.8547143204274,16830
81.1498917694216,16831
81.1498917694216,16832
81.1498917694216,16833
64.03445516286055,16834
81.1498917694216,16835
64.03445516286055,16836
87.98062373553213,16837
84.56525775247687,16838
89.68544628653794,16839
91.3959897185874,16840
92.2484009940903,16841
104.47371285591967,16842
85.33258617398056,16843
80.20667675887583,16844
47.21383892351139,16845
47.21383892351139,16846
45.50329549146193,16847
48.2231804177315,16848
57.11864034275081,16849
31.10774381117045,16850
31.960155086673353,16851
49.0755916932344,16852
31.10774381117045,16853
31.10774381117045,16854
31.293900955153816,16855
57.97105161825371,16856
57.97105161825371,16857
57.97105161825371,16858
57.97105161825371,16859
61.38641760130898,16860
66.50660613537005,16861
63.92809118407871,16862
62.223268633072905,16863
82.95704641187496,16864
88.98550215017198,16865
68.28667217767975,16866
68.28667217767975,16867
101.07736143307588,16868
114.77743205658166,16869
108.91700370116052,16870
127.8050201462245,16871
107.07124236742246,16872
152.1221912909577,16873
105.360698935373,16874
87.27495871812252,16875
130.4181099014663,16876
105.360698935373,16877
144.21302641261278,16878
145.9391300884012,16879
145.30525424582297,16880
90.29856466075361,16881
84.27010892245657,16882
93.74630893275021,16883
92.03576550070075,16884
111.09180932864061,16885
116.4863892243594,16886
121.61229863946411,16887
139.31770444325747,16888
150.8027764837267,16889
150.65156714605314,16890
172.38452796846235,16891
172.38452796846235,16892
172.38452796846235,16893
172.38452796846235,16894
131.0277739592094,16895
131.0277739592094,16896
131.0277739592094,16897
131.0277739592094,16898
134.62929708624802,16899
117.66413110381474,16900
127.44438059327821,16901
129.30613336300124,16902
99.3754156973786,16903
108.18536157615264,16904
95.94323166912096,16905
98.84927373937388,16906
94.08147889939794,16907
92.18477832336514,16908
94.08147889939794,16909
80.15134448656279,16910
99.56157284136194,16911
119.52588387353777,16912
140.80802344867288,16913
167.04411500776723,16914
167.04411500776723,16915
157.26386551830376,16916
157.9650674561331,16917
154.35782344805085,16918
131.0277739592094,16919
140.80802344867288,16920
117.66413110381474,16921
130.85974657633346,16922
129.149203144284,16923
127.44438059327821,16924
111.60072755920791,16925
121.38097704867138,16926
119.51922427894836,16927
101.9650278128286,16928
103.67557124487806,16929
103.8617283888614,16930
102.15690583785559,16931
101.9650278128286,16932
84.45150003406229,16933
82.74095660201283,16934
123.08579959967719,16935
154.0036389211916,16936
165.69168615084658,16937
176.61026663387534,16938
193.17734144410332,16939
191.47251889309752,16940
189.76197546104805,16941
175.08050406269416,16942
161.68191340098974,16943
161.68191340098974,16944
146.4215699695623,16945
147.61706860776576,16946
134.25342575237113,16947
98.69806440170032,16948
98.84927373937388,16949
76.82595562933297,16950
64.60064376750366,16951
64.75185310517722,16952
54.11253274562145,16953
38.58974723592334,16954
54.11253274562145,16955
9.81292080760494,16956
41.46527906943578,16957
53.26012147011855,16958
47.926773786247864,16959
42.73516907971474,16960
99.97648205876952,16961
154.0563434862495,16962
155.76688691829895,16963
193.8528246875808,16964
182.36775264711156,16965
160.89373504694942,16966
129.1726807840758,16967
160.4212269926577,16968
139.99721957406913,16969
116.93055087704411,16970
73.06969879858632,16971
63.62587707723398,16972
68.05058455450937,16973
86.49050929861912,16974
47.35175458201712,16975
47.502963919690686,16976
41.47450818139362,16977
22.19326932593971,16978
62.173338153885894,16979
56.14488241558885,16980
50.68160651882722,16981
62.02212881621233,16982
57.562473532627166,16983
113.36397555631528,16984
120.43672059514222,16985
164.70138472684891,16986
164.30910103000468,16987
175.03256553001393,16988
179.0025217117457,16989
173.32202209796446,16990
178.4479315130692,16991
149.40866300648017,16992
121.3002290348038,16993
136.94090687968844,16994
121.3002290348038,16995
124.71559501785907,16996
121.3002290348038,16997
124.20627110505674,16998
84.61319628515713,16999
56.86509891362968,17000
57.52563216410559,17001
57.01630825130324,17002
57.01630825130324,17003
57.01630825130324,17004
56.86509891362968,17005
60.17366972565716,17006
60.17366972565716,17007
60.17366972565716,17008
60.17366972565716,17009
92.43198862070517,17010
107.10236285490035,17011
103.68699687184508,17012
87.3118000866441,17013
87.3118000866441,17014
87.3118000866441,17015
87.3118000866441,17016
45.50329549146193,17017
81.33347939603647,17018
48.409337561714864,17019
98.49539216531204,17020
45.50329549146193,17021
69.10816753420713,17022
75.08648822481476,17023
51.99273092764608,17024
48.409337561714864,17025
31.293900955153816,17026
69.10816753420713,17027
45.50329549146193,17028
45.50329549146193,17029
75.08648822481476,17030
75.17157107881397,17031
74.23407694931186,17032
80.2974804939187,17033
75.17157107881397,17034
82.8547143204274,17035
80.2974804939187,17036
78.75496444474516,17037
72.57000967997689,17038
72.57000967997689,17039
63.18204388735765,17040
86.43810768635859,17041
78.59846541827395,17042
71.76773345216341,17043
71.76773345216341,17044
76.89364286726814,17045
77.83113699677023,17046
77.83113699677023,17047
97.62742064607014,17048
89.85347366941386,17049
102.81902535260326,17050
74.23407694931186,17051
47.21383892351139,17052
45.50329549146193,17053
51.99273092764608,17054
80.2974804939187,17055
116.83996350048122,17056
170.8458392381207,17057
209.2265973746145,17058
231.6359707791562,17059
216.7124863080859,17060
226.60490725169217,17061
226.20681607948694,17062
198.592171286885,17063
188.14309814853345,17064
191.55846413158872,17065
152.1596429102167,17066
155.76688691829895,17067
139.33949308933984,17068
149.77746906353264,17069
103.2189518971336,17070
98.56461182277486,17071
92.50120827816805,17072
59.26729608363297,17073
47.926773786247864,17074
62.02212881621233,17075
50.68160651882722,17076
59.26729608363297,17077
22.19326932593971,17078
63.62587707723398,17079
93.2201669747455,17080
168.66768202360572,17081
172.083048006661,17082
182.76584381931679,17083
182.76584381931679,17084
187.89175323442151,17085
192.15953049297968,17086
187.8416181867321,17087
180.0676712100758,17088
181.77821464212525,17089
138.6514503117379,17090
117.5306785248893,17091
120.43672059514222,17092
104.70523901521474,17093
116.93055087704411,17094
102.33416233268937,17095
102.33416233268937,17096
86.33929996094555,17097
86.33929996094555,17098
87.19171123644846,17099
98.71582116044843,17100
86.49050929861912,17101
86.49050929861912,17102
86.49050929861912,17103
97.02209577360131,17104
127.31092801435277,17105
145.01633381814605,17106
136.94090687968844,17107
146.72115636915186,17108
130.8775033350816,17109
137.75743163533576,17110
108.87194198378879,17111
96.64663012195948,17112
94.78487735223645,17113
82.71649570912433,17114
82.71649570912433,17115
57.52563216410559,17116
104.47371285591967,17117
95.83179436002149,17118
107.02110731973303,17119
98.37918882383488,17120
98.37918882383488,17121
109.19767826997628,17122
86.64118560498196,17123
137.213938600818,17124
124.84904759678454,17125
124.66289045280121,17126
158.78074009255212,17127
166.30780523467672,17128
163.74485052712436,17129
167.6646716611667,17130
171.08003764422193,17131
172.7905810762714,17132
155.9766244315117,17133
159.89644556555405,17134
100.96140719965213,17135
99.25086376760267,17136
137.48707216101235,17137
149.98148569570174,17138
142.75753131920123,17139
128.59161223599307,17140
133.01631971326847,17141
139.50396431667843,17142
131.820821075065,17143
136.08859833362317,17144
122.04057158560154,17145
123.42222736778834,17146
125.64209471264014,17147
135.4223442021036,17148
135.4223442021036,17149
141.20878686768427,17150
123.93727216163434,17151
120.52190617857907,17152
150.6826876335311,17153
180.7361663961555,17154
180.12576819336903,17155
180.97817946887193,17156
189.83203199299197,17157
166.72717753166458,17158
147.26732165047582,17159
132.6732323505679,17160
116.16332518497808,17161
115.65400127217572,17162
103.80902382380353,17163
103.80902382380353,17164
103.99518096778687,17165
113.589273313267,17166
113.77543045725034,17167
96.22695487217423,17168
94.51641144012477,17169
104.29666092958824,17170
102.73452006946576,17171
53.39357404904398,17172
53.39357404904398,17173
30.680151165332447,17174
78.5631564692801,17175
72.20937012703058,17176
102.30145558093976,17177
150.18446088488741,17178
165.25864717233154,17179
189.8382603953354,17180
183.69857191644127,17181
187.11393789949653,17182
144.4095465757115,17183
146.4215699695623,17184
154.95225572486336,17185
86.62396187754455,17186
68.3701942774182,17187
88.20995337981812,17188
92.82081800107684,17189
64.75185310517722,17190
64.75185310517722,17191
44.05302313268497,17192
44.05302313268497,17193
17.581146903217572,17194
44.05302313268497,17195
58.72339736688018,17196
64.75185310517722,17197
75.98464151798878,17198
86.62396187754455,17199
92.37665634839213,17200
114.50676962946083,17201
36.86364356013489,17202
22.19326932593971,17203
18.434815980183885,17204
18.434815980183885,17205
5.626194515711703,17206
7.522895091744502,17207
3.9156510836622402,17208
3.9156510836622402,17209
6.6704838162416,17210
12.13375971300323,17211
12.13375971300323,17212
6.6704838162416,17213
26.359972294513753,17214
26.359972294513753,17215
21.340858050436808,17216
-2.1128046546348003,17217
-2.1128046546348003,17218
-0.4022612225853379,17219
26.804133947198437,17220
16.214948635332078,17221
53.5663674642975,17222
74.11398809911621,17223
77.69738146504739,17224
184.42625220367682,17225
186.432554716484,17226
152.1596429102167,17227
152.1596429102167,17228
122.95234702075174,17229
100.94678566945892,17230
99.24196311845311,17231
102.65732910150838,17232
93.94802632047248,17233
85.29501066041566,17234
91.29998875892093,17235
91.29998875892093,17236
77.24530241630987,17237
77.24530241630987,17238
62.371952992929025,17239
58.788559626997824,17240
59.79790112121793,17241
56.382535138162666,17242
9.454273201165435,17243
9.454273201165435,17244
9.454273201165435,17245
7.743729769115973,17246
11.860297690000579,17247
13.07261437340641,17248
13.07261437340641,17249
-0.5941392476123326,17250
26.86929620731611,17251
26.86929620731611,17252
12.198921973120875,17253
20.12407828745073,17254
40.15665412842341,17255
34.93010161558054,17256
40.82290825994298,17257
5.984309090840483,17258
23.45393022426083,17259
23.45393022426083,17260
5.984309090840483,17261
20.65468332503569,17262
18.434815980183885,17263
19.10107011170345,17264
49.637317218297326,17265
64.77797748176417,17266
60.00087631040364,17267
80.66066839936515,17268
95.25705694371986,17269
112.8112534098396,17270
113.82059490405972,17271
143.12896508350883,17272
143.12896508350883,17273
106.74784986523277,17274
102.4800726066746,17275
113.45582073434153,17276
113.45582073434153,17277
86.1563225850681,17278
82.55479945802949,17279
86.31325280378532,17280
86.1563225850681,17281
82.55479945802949,17282
86.1563225850681,17283
86.31325280378532,17284
82.74095660201283,17285
86.1563225850681,17286
86.31325280378532,17287
88.20995337981812,17288
87.35754210431521,17289
72.02321298304724,17290
70.50454757602478,17291
84.60270937173586,17292
82.55479945802949,17293
101.9650278128286,17294
121.38097704867138,17295
134.93077704804938,17296
134.93077704804938,17297
134.93077704804938,17298
132.559700365524,17299
134.93077704804938,17300
84.60270937173586,17301
84.60270937173586,17302
70.51564474018349,17303
75.98464151798878,17304
60.152085648077204,17305
62.90691838065656,17306
75.13223024248587,17307
52.46894240646377,17308
45.36953995973916,17309
52.46894240646377,17310
40.24363054463443,17311
45.36953995973916,17312
45.36953995973916,17313
59.19860008259015,17314
60.90342263359595,17315
26.324593295957968,17316
26.324593295957968,17317
34.007736537571404,17318
-0.14425671388397632,17319
-22.385602735549753,17320
-22.385602735549753,17321
16.02879149134874,17322
10.902882076244012,17323
48.47596219179833,17324
37.193038731297335,17325
65.82146258768874,17326
91.24238992203679,17327
120.54453169914247,17328
116.37782873056844,17329
104.1414197045804,17330
77.67090311564117,17331
92.37665634839213,17332
106.0815957337132,17333
103.67557124487806,17334
106.0815957337132,17335
105.57227182091086,17336
118.81136274652961,17337
104.52132292579157,17338
96.60282620605112,17339
107.08427763334393,17340
108.09361912756405,17341
146.83915143377607,17342
142.75753131920123,17343
165.12786684021222,17344
180.7361663961555,17345
174.9147759242651,17346
156.31305219962286,17347
156.12117417459586,17348
137.63734278514016,17349
122.52820869138625,17350
120.58792993281578,17351
110.87510926804107,17352
96.22695487217423,17353
82.87440918093827,17354
94.3652021024512,17355
76.81100563633144,17356
76.81100563633144,17357
59.29747785756513,17358
61.15923062728814,17359
30.680151165332447,17360
43.464921987653526,17361
47.07216599573579,17362
50.63874131646462,17363
27.0729071572502,17364
60.27444106284395,17365
50.50528873753919,17366
81.98961961649408,17367
92.52120609147627,17368
131.497654306246,17369
138.49641365523246,17370
138.6825707992158,17371
123.42222736778834,17372
128.03881287009074,17373
125.28398013751136,17374
92.37665634839213,17375
92.37665634839213,17376
92.37665634839213,17377
105.72348115858442,17378
83.71791980729162,17379
